DateTime_Generated,Type,Instructions,Questions,Answers,Diagram,Transcript
2025_11_29_18_11,Table Completion,Complete the table below. Write ONE WORD AND / OR A NUMBER for each answer.,"['1. Room _________', '2. _________ AM', '3. _________', '4. _________', '5. _________ PM', '6. _________', '7. _________ Building', '8. _________']","['105', '9:00', 'calculator', 'Thursday', '1:00', 'essays', 'Science', 'Friday']","## University Lecture Schedule

| Lecture Title             | Lecturer       | Day       | Time       | Location      | Notes                                     |
|---------------------------|----------------|-----------|------------|---------------|-------------------------------------------|
| Introduction to Biology   | Professor Davis| Monday    | 10:00 AM   | Main Building, Room 201 | compulsory for all first-year students    |
| Modern European History   | Dr. Anya Sharma| Tuesday   | 11:00 AM   | Arts Faculty, Room 1. _______ | focuses on 20th century                   |
| Quantitative Methods      | Dr. Thompson   | Wednesday | 2. _______ AM   | Engineering Block, Room 305 | brings a 3. _______                   |
| Philosophy of Science     | Dr. Eva Green  | 4. _______ | 2:00 PM    | Arts Faculty, Room 102 | open to all faculties                    |
| Academic Writing Skills   | Ms. Rachel Lee | Friday    | 5. _______ PM   | Main Building, Room 203 | covers referencing and 6. _______     |
| Environmental Science     | Dr. Kevin Price| Thursday  | 3:00 PM    | 7. _______ Building | Optional, sign up by 8. _______       |","NARRATOR: You will hear a conversation between Liam, a university student, and Dr. Evans, an academic advisor, discussing Liam's first-year lecture schedule. You will have a moment to read the questions before the recording begins.

LIAM: Good morning, Dr. Evans. My name is Liam Thompson, and I have an appointment to discuss my first-year lecture timetable. I just wanted to make sure I have all the correct information.

DR. EVANS: Ah, Liam, yes, do come in and sit down. I have your provisional schedule here. Let's go through it together. It's always a good idea to double-check these things.

LIAM: Thank you. So, the first one on my list is 'Introduction to Biology' with Professor Davis. It's on Monday at 10 AM in the Main Building, Room 201. That's compulsory, right?

DR. EVANS: That's absolutely correct, Liam. That one is a foundational module for all science students. No changes there.

LIAM: Great. Next is 'Modern European History' with Dr. Anya Sharma. Tuesday at 11 AM. My schedule says Arts Faculty, but it doesn't specify the room number. Do you have that?

DR. EVANS: Let me see. Yes, for Dr. Sharma's history lecture, it was initially listed for Room 101, but that room is undergoing renovations this semester. It's now in the Arts Faculty, Room 105. I'll make a note for you.

LIAM: Room 105, got it. Thanks. Then there's 'Quantitative Methods' with Dr. Thompson. That's on Wednesday, but the time is blank on my sheet. And it also says something about bringing a specific item.

DR. EVANS: Ah, yes, for Quantitative Methods. It's a very practical session. It was originally scheduled for 10 AM, but Dr. Thompson found that students had conflicting modules, so he moved it. It's now on Wednesday at 9:00 AM. And yes, you absolutely must bring a calculator to that lecture. A scientific one is best, not just your phone's calculator.

LIAM: Nine AM, and a calculator. Noted. What about 'Philosophy of Science' with Dr. Eva Green? My timetable just shows the time as 2 PM in the Arts Faculty, Room 102, but the day is missing.

DR. EVANS: The Philosophy of Science lecture is actually quite popular and sometimes clashes with other core subjects. For this semester, Dr. Green will be delivering it on Thursday afternoons. So, every Thursday at 2 PM.

LIAM: Thursday. Okay. That works for me. And then there's 'Academic Writing Skills' with Ms. Rachel Lee. It's on Friday, Main Building, Room 203. Again, the time is missing, and it mentions covering referencing but then a blank.

DR. EVANS: Yes, Ms. Lee's academic writing session is crucial for developing your essay skills. It’s held on Friday afternoons, starting at 1:00 PM. And you're right, it covers referencing, but its main focus is on how to structure and write academic essays. It's very hands-on, so be prepared to do some writing during the session.

LIAM: One PM, and it covers essays. Excellent. Finally, 'Environmental Science' with Dr. Kevin Price. Thursday at 3 PM. I don't have a location for that one, and it also says 'sign up by' a certain date.

DR. EVANS: Environmental Science is an optional lecture, but highly recommended. It will be held in the new Science Building, which is located just past the main library. And yes, because it's optional, they need a headcount. You need to sign up for that module by the end of this week, so by Friday. If you're interested, make sure you do that.

LIAM: The Science Building, and sign up by Friday. Got it. This has been really helpful, Dr. Evans. Thank you so much for clarifying everything.

DR. EVANS: You're most welcome, Liam. If you have any more questions, don't hesitate to come back. And good luck with your first semester!

LIAM: Thanks, Dr. Evans.

NARRATOR: That is the end of Section 1. You now have half a minute to check your answers."
2025_11_29_18_11,Form Completion,Complete the form below. Write ONE WORD AND / OR A NUMBER for each answer.,"['University Lecture Series Registration Form', 'Student ID: JDH- (1) _________', 'Course of Study: (2) _________', 'Lecture Series Title: The Future of (3) _________', 'Day of First Lecture: (4) _________', 'Room Number: (5) _________']","['8546', 'Sociology', 'Robotics', 'Tuesday', '305']",,"You will hear a conversation between a university student and an administration officer about registering for a new lecture series.

First, you have some time to look at questions 1 to 5.

[Pause 30 seconds]

You will see that there is an example that has been done for you. On this occasion only, the conversation relating to this will be played first.

Administrator: Good morning, How may I help you?
Student: Good morning. I'm here to inquire about registering for the new 'Future Technologies' lecture series. My name is Jane Doe.

Her name is Jane Doe. So, 'Jane Doe' has been written in the space for the Student Name.

Now we shall begin. You should answer the questions as you listen because you will not hear the recording a second time. Listen carefully and answer questions 1 to 5.

Administrator: Good morning. How may I help you?
Student: Good morning. I'm here to inquire about registering for the new 'Future Technologies' lecture series. My name is Jane Doe.
Administrator: Ah, Miss Doe. Welcome. Do you have your student ID number handy?
Student: Yes, I do. It’s JDH-8546. I’m a second-year student.
Administrator: JDH-8546. Thank you. And could you confirm your primary course of study for me, please?
Student: Certainly. I'm studying Sociology. I know the lecture series sounds a bit outside my field, but I'm very interested in interdisciplinary topics.
Administrator: That's perfectly fine, Miss Doe. Many students from various departments attend. So, you're interested in the 'Future Technologies' series. Are you referring to the one specifically titled 'The Future of Robotics and Automation'? There's also one on 'Digital Ethics'.
Student: Yes, that's the one! 'The Future of Robotics and Automation'. I saw the poster near the main library. It looks fascinating.
Administrator: It is indeed a very popular series. It starts next week. Let me just check the schedule for you. Here we are. The first lecture for 'The Future of Robotics and Automation' is scheduled for Tuesday, not Monday as some students mistakenly think. It's an afternoon session.
Student: Great, Tuesday works perfectly for me. What time does it start, and which room is it in?
Administrator: It commences at 2 p.m. and will be held in Lecture Theatre 305. Not 205, so please make a note of that. We had some confusion last term. It's quite a large theatre, so you shouldn't have any trouble finding a seat.
Student: Excellent! Lecture Theatre 305, on Tuesday at 2 p.m. And how many lectures are there in the series in total?
Administrator: There are six lectures in total, held weekly, every Tuesday at the same time and in the same room. The full schedule is also available online, but I can print out a summary if you like.
Student: That would be very helpful, thank you. I just wanted to make sure I had the key details correct for the first one.
Administrator: No problem at all, Miss Doe. I’ll just get that summary printed for you. And do remember to sign in each week, as attendance contributes to a participation certificate at the end of the series.
Student: I will, thank you for your help.
Administrator: You're most welcome. Is there anything else I can assist you with today?
Student: No, that's all for now. Thanks again.

[Pause 30 seconds]

That is the end of Part One. You now have half a minute to check your answers.

[Pause 30 seconds]

"
2025_11_29_18_13,Map Labelling,"Label the map below. Write the correct letter, A-I.","['1. Bookshop', '2. Post Office', '3. Careers Service', '4. IT Support Centre', '5. Sports Complex']","['C', 'B', 'G', 'F', 'I']","
                  North
                    ^
                    |
      +-----------------------------+ 
      |          (Area I)           |
      |                             |
      |           (Road)            |
      |-----+---------+-----+-------|
      |     | (Area H)|     |       |
      |     +---------+     |       |
      |                     |       |
      |     +---------+     |       |
      |     | (Area G)|     |       |
      |     +---------+     |       |
      |                     |       |
      |-----+---------+-----+-------|
      |     | (Area F)|     |       |
      |     +---------+     |       |
      |                     |       |
      |     +---------+     |       |
      |     | (Area E)|     |       |
      |     +---------+     |       |
      |                     |       |
      |-----+---------+-----+-------|
      |     | (Area D)|     |       |
      |     +---------+     |       |
      |                     |       |
      |     +---------+     |       |
      |     | (Area C)|     |       |
      |     +---------+     |       |
      |                     |       |
      |-----+---------+-----+-------|
      |     | (Area B)|     |       |
      |     +---------+     |       |
      |                     |       |
      |     +---------+     |       |
      |     | (Area A)|     |       |
      |     +---------+     |       |
      +-----------------------------+
               (Main Entrance)
","You will hear a university staff member giving an orientation to new students about campus facilities. First, you have some time to look at questions 1 to 5.

[Pause 30 seconds]

Now listen carefully and answer questions 1 to 5.

Good morning everyone, and a very warm welcome to all our new students here at Westway University. My name is Dr. Eleanor Vance, and I'm the Head of Student Services. Today, I'll be guiding you through some of the key facilities on campus, helping you to find your way around and ensuring you know where to access essential resources. Please refer to the map in front of you as I speak. We'll be starting our tour from the Main Entrance, which you can see at the very bottom of your map.

As you enter the university grounds through the Main Entrance, you'll find the main road leading directly ahead. Our first point of interest, though not a labelled item on your map, is the Security Lodge, which is located immediately to your right, in Area A. It's marked clearly on the campus, and staff there are always available for assistance, especially outside of regular office hours. Moving on, let's locate some of the crucial services you'll need during your studies.

First, for all your academic material and general reading, the Bookshop is an essential stop. If you proceed past the Security Lodge, continuing straight along the main road, the Bookshop is located in Area C, on your right-hand side. It's a relatively large building, easily identifiable, and it stocks all required textbooks, stationery, and university merchandise. It also has a small café section, which is a popular spot for students to grab a quick coffee between lectures.

Next, you'll undoubtedly need to send or receive mail, so locating the Post Office is important. From our starting point at the Main Entrance, instead of turning right towards the Security Lodge or proceeding straight, look immediately to your left. You'll see a smaller building nestled just behind a cluster of trees. This is Area B, and it houses the campus Post Office, offering all standard postal services. It's quite convenient for students living on campus or those needing to send documents.

Now, let's continue further into the campus. As you walk along the main road, you'll pass the Bookshop on your right. Keep going straight, and you'll reach a large, imposing building directly in front of you, where the main road seems to momentarily end before branching off. This is the Central Auditorium, or the Main Lecture Theatre – a key landmark for orientation, located in Area E. This isn't one of the places you need to label, but it serves as an excellent reference point for the rest of our tour. Many of your large-group lectures will take place here.

From the Central Auditorium, if you turn right, you'll be on what we call East Avenue. The first building you encounter on your right as you walk down East Avenue is in Area F. This area is home to the Student Union Building, another vital hub for student life, where you'll find various clubs and societies. However, if you continue past the Student Union, further along East Avenue, the next building on your right-hand side is in Area G. This facility provides invaluable assistance for your future career aspirations – it is the Careers Service. They offer guidance on job applications, interview techniques, CV writing, and internship opportunities. It's highly recommended you visit them well before you graduate.

Returning to the Central Auditorium, if instead of turning right onto East Avenue, you turn left, you'll find yourself on West Avenue. The first building on your left along West Avenue is in Area F. Excuse me, I mean Area H. This is where the IT Support Centre is situated. This centre is vital for all your technical needs, whether it's setting up your university account, troubleshooting software issues, or accessing specialist computing facilities. They also run workshops on various software packages, which can be incredibly useful. So, that's the IT Support Centre in Area H.

And finally, for those of you interested in sports and fitness, let's locate the Sports Complex. Continuing along West Avenue, past the IT Support Centre in Area H, you'll come to a much larger facility at the very end of this road, taking up the entire Area I. This comprehensive facility includes a large gymnasium, a swimming pool, several indoor courts for basketball and badminton, and an outdoor athletics track. It's a fantastic resource for staying active and healthy during your time here. Remember, all registered students have access to these facilities.

We've covered the Bookshop, Post Office, Careers Service, IT Support Centre, and the Sports Complex. I hope this initial orientation has been helpful.

That is the end of Section 2. You now have half a minute to check your answers.

[Pause 30 seconds]

Now turn to Section 3."
2025_11_29_18_14,Multiple Choice - Multiple Choice,"You will hear a part of a university lecture about Open Educational Resources. Choose TWO letters, A-E.",['What TWO significant challenges does the lecturer identify regarding the widespread implementation of Open Educational Resources?'],"['B', 'D']",,"Examiner: You will hear a part of a university lecture about Open Educational Resources.

First, you have some time to look at questions...

(Pause for a few seconds)

Examiner: Now listen carefully and answer the questions.

Lecturer: Good morning, everyone. Today, we're going to delve into a topic that has significantly reshaped the landscape of higher education over the past two decades: Open Educational Resources, or OERs. The concept of OERs isn't entirely new, but its global impact and potential are still being fully realised. Essentially, OERs are teaching, learning, and research materials in any medium – digital or otherwise – that reside in the public domain or have been released under an open license that permits no-cost access, use, adaptation, and redistribution by others with no or limited restrictions.

The genesis of the modern OER movement can largely be traced back to MIT's OpenCourseWare initiative in 2001, which sought to make course materials for virtually all of MIT’s courses freely available on the web. This pioneering effort demonstrated the viability and demand for high-quality, openly licensed educational content. Since then, the movement has grown exponentially, supported by organisations like UNESCO and various foundations, leading to a vast ecosystem of open textbooks, lecture notes, multimedia presentations, entire courses, and even assessment tools.

So, what are the primary drivers and benefits behind this movement? Firstly, and perhaps most obviously, OERs address the escalating cost of traditional textbooks and educational materials, making higher education more accessible and affordable for students globally. This is particularly crucial in developing nations where access to up-to-date resources can be severely limited due to financial barriers. Secondly, OERs promote equity and inclusivity by breaking down geographical and socio-economic barriers to learning. Anyone with internet access can potentially learn from world-class institutions and educators, regardless of their location or financial status.

From an institutional perspective, OERs foster collaboration and innovation. Educators can share, adapt, and improve upon existing materials, rather than constantly reinventing the wheel. This can lead to more dynamic curricula, faster updates to content reflecting new research, and a reduction in the time and resources faculty spend on developing foundational teaching materials. Furthermore, the principles of open pedagogy, which often accompany OER adoption, encourage students to become co-creators of knowledge rather than mere consumers, leading to deeper engagement and learning outcomes.

However, despite these compelling advantages, the widespread implementation and sustainability of OERs are not without their significant challenges. One major hurdle is the perception and reality of quality assurance. While many OERs are peer-reviewed or developed by reputable institutions, there's a vast range in quality, and ensuring that materials are accurate, current, and pedagogically sound can be a complex and time-consuming task for individual educators. The sheer volume of available resources can also be overwhelming, making it difficult to sift through and identify the most appropriate and effective content for specific courses.

Another critical issue is the sustainability models for OER creation and maintenance. Unlike proprietary materials, which are funded through sales, OERs often rely on grants, institutional funding, or volunteer efforts. These funding sources can be inconsistent, leading to concerns about the long-term viability of some OER projects and the continuous updating of materials. Furthermore, while the materials themselves are free, the infrastructure and human resources required to curate, host, and provide technical support for OER initiatives at an institutional level still represent a significant investment. This includes the need for dedicated staff to manage platforms, provide faculty training on how to effectively integrate OERs into their teaching, and offer ongoing technical assistance to both educators and students.

Additionally, there's the challenge of digital literacy and access. While OERs aim to democratise education, their reliance on digital platforms can exclude individuals in areas with limited internet access or those lacking the necessary digital skills. Bridging this digital divide remains an ongoing concern. Finally, faculty adoption is a significant factor. Shifting from traditional textbooks to OERs often requires a change in pedagogical approach, and some educators may be resistant to this shift due to comfort with existing methods, lack of time for adaptation, or insufficient institutional support for making the transition.

In conclusion, while Open Educational Resources offer a transformative vision for global education, their journey towards universal adoption is paved with substantial considerations regarding quality control, financial sustainability, digital equity, and the need for robust institutional support and training. Addressing these challenges is paramount for OERs to truly fulfil their promise."
2025_11_29_18_16,Sentence Completion,Complete the sentences below. Write NO MORE THAN TWO WORDS for each answer.,"['1. The traditional lecture format is often criticised for promoting a largely _______________ from students.', '2. Contemporary pedagogical shifts are driven by the need to foster _______________ and deeper understanding.', '3. In a flipped classroom model, foundational content is delivered outside the lecture hall, allowing for _______________ activities during class time.', '4. Problem-based learning encourages students to tackle complex scenarios, enhancing their _______________ and self-directed study skills.', '5. Collaborative learning, through structured group tasks, helps students develop crucial interpersonal and _______________.', '6. A significant barrier to implementing active learning strategies is the lack of adequate _______________ for faculty members.', '7. Some students may initially resist active learning approaches, preferring the _______________ of traditional lectures.', '8. The efficacy of active learning can be quantitatively assessed through metrics like exam performance and student _______________.', '9. Qualitative evaluations often involve student feedback and _______________ to gauge the learning experience.', '10. The future of higher education pedagogies is likely to integrate technology further to support _______________.']","['passive reception', 'critical thinking', 'interactive practical', 'problem-solving abilities', 'communication skills', 'professional development', 'familiar comfort', 'retention rates', 'observational studies', 'personalised learning']",,"You will hear a lecture from a university professor about the evolution and efficacy of active learning strategies in higher education. First, you have some time to look at questions 1 to 10. 

[Pause for 30 seconds]

Now listen carefully and answer questions 1 to 10.

Good morning, everyone, and welcome to this advanced seminar on pedagogic methodologies in higher education. Today, we're going to delve into a topic that has profoundly reshaped our understanding of teaching and learning over the past few decades: the advent and proliferation of active learning strategies. For generations, the quintessential image of a university education was an impassioned lecturer delivering knowledge to a relatively quiescent audience in a large auditorium. This traditional lecture format, while certainly efficient for conveying large volumes of information, has increasingly been criticised for promoting a largely passive reception of content from students. The unidirectional flow of information often limits opportunities for critical engagement, immediate application, and the development of higher-order thinking skills.

The shift away from this largely transmissive model has not been arbitrary; it’s been a response to evolving educational philosophies and empirical evidence suggesting that deeper learning occurs when students are actively involved in the construction of knowledge. Contemporary pedagogical shifts are thus driven by a compelling need to foster critical thinking, enhance problem-solving capabilities, and cultivate a more profound, more enduring understanding of complex subject matter. This paradigm shift, from 'teaching as telling' to 'teaching as facilitating learning', underscores the foundational principles of active learning.

Let's explore some of the most prominent active learning strategies currently employed across various disciplines. One widely adopted approach is the 'flipped classroom' model. In this setup, students engage with foundational content – typically lectures or readings – outside of the scheduled class time. This pre-class preparation liberates valuable in-class time for more interactive practical activities, such as discussions, problem-solving exercises, or collaborative projects. The idea is to move the lower-level cognitive work (information acquisition) to individual study, allowing the more challenging, higher-level cognitive work (application, analysis, synthesis) to take place in a guided, collaborative environment.

Another highly effective strategy is Problem-Based Learning, or PBL. Here, students are presented with complex, open-ended problems or scenarios, often mirroring real-world challenges. Instead of passively receiving solutions, they are tasked with actively defining the problem, researching relevant information, developing hypotheses, and proposing solutions. This approach inherently encourages students to develop their problem-solving abilities, research skills, and self-directed study skills, cultivating a deep, contextual understanding that far transcends rote memorisation. PBL often involves interdisciplinary perspectives, further enriching the learning experience.

Beyond these, we have collaborative learning and peer instruction. Collaborative learning involves students working together in small, structured groups on a common task. This fosters a sense of shared responsibility, promoting active participation and mutual support. Crucially, it helps students develop essential interpersonal and communication skills, which are highly valued in professional environments. Peer instruction, pioneered by Professor Eric Mazur at Harvard, involves students actively teaching and explaining concepts to their peers. After an initial mini-lecture, students respond to conceptual questions, discuss their answers with a neighbour, and then re-vote. This process compels students to articulate their understanding, expose misconceptions, and learn from their peers, leading to significantly improved comprehension.

However, the implementation of active learning strategies is not without its challenges. One significant barrier is the initial resistance often encountered from both faculty and students. For instructors accustomed to traditional lecture delivery, transitioning to a facilitator role requires a substantial shift in mindset and significant redesign of course materials. A lack of adequate professional development for faculty members in these new pedagogies can impede successful adoption. Furthermore, the perceived increase in preparation time can be a deterrent for already overburdened academics.

From the student perspective, while ultimately beneficial, active learning can initially feel uncomfortable or demanding. Many students, especially those entering university directly from secondary education, are deeply ingrained in a passive learning culture. They may expect to be told what to learn and how to learn it, finding the self-directed and collaborative nature of active learning unfamiliar. They often prefer the familiar comfort of traditional lectures, where their role is clearly defined as receiver. Overcoming this initial apprehension requires clear communication of benefits and careful scaffolding by instructors.

Moreover, institutional support, including appropriate classroom designs and resource allocation, plays a critical role. Large class sizes, for instance, can pose logistical difficulties for implementing group work or facilitating individual discussions. Despite these hurdles, the empirical evidence overwhelmingly supports the efficacy of active learning. Quantitative assessments often demonstrate improvements in student learning outcomes, measured through higher exam performance, increased student engagement metrics, and better student retention rates compared to traditional lecture-based courses.

Beyond quantitative metrics, qualitative evaluations provide invaluable insights into the student experience. These often involve gathering student feedback through surveys and interviews, or conducting observational studies of classroom interactions. Such qualitative data frequently highlights increased student motivation, enhanced self-efficacy, and a greater sense of belonging to the academic community. Students report feeling more connected to the material and their peers, which are crucial for a holistic educational experience.

In conclusion, while the journey from passive to active learning is ongoing and presents its own set of complexities, the benefits are undeniable. Active learning strategies are not merely a passing educational fad; they represent a fundamental, evidence-based evolution in how we foster deep, meaningful, and enduring learning in higher education. The future of higher education pedagogies is likely to integrate technology even further, supporting personalised learning pathways and leveraging data analytics to tailor educational experiences to individual student needs, continuously refining our approaches to cultivate the next generation of critical thinkers and problem-solvers. Thank you.

[Pause for 30 seconds for the end of Section 4]"
